SNP,Chr,Pos_cM,Pos_bp,r2
SYN10548,1,28.7,9526231,0.81
PZE_101018261,1,31.2,10585225,0.47
PZE_101071285,1,85.2,53666690,0.67
PZE_101129131,1,110.9,164644927,0.78
SYN6423,1,129.2,191858871,0.83
SYN21837,1,156,214900075,0.74
SYN27089,1,159,217897771,0.72
PZE_101179823,1,163.4,224257853,0.82
SYN13216,1,176.6,241222849,0.81
SYN26420,1,232.7,292661581,0.75
PZE_101252431,1,245.5,296767385,0.85
PZA02175_1,2,9.9,2805975,0.89
SYN27979,2,26.4,6014075,0.75
SYN38155,2,34.1,10381987,0.84
PZE_102039584,2,62.4,19432088,0.67
SYN33470,2,107,177899328,0.74
PZE_102148653,2,119.2,195529678,0.82
PZE_102183628,2,167.4,226370656,0.74
PZE_102183761,2,169.4,226394530,0.75
PZE_103082609,3,82.2,136908028,0.61
PZE_103099066,3,93,159526813,0.85
SYN34418,3,143.8,199275636,0.74
PZE_103149272,3,150.5,202950603,0.75
PUT_163a_71440306_3328,3,167.1,212158156,0.74
SYN31046,3,185.9,219842428,0.76
PZE_104029141,4,69.3,35218212,0.86
PZE_104079202,4,83.1,153519088,0.77
SYN1197,4,119.2,181345970,0.62
PZE_104132640,4,138.6,216002165,0.85
SYN39224,4,180.4,239370924,0.7
PZE_105061350,5,70.7,60133686,0.71
SYN27038,5,85.3,164124177,0.44
PZE_105121226,5,99,177977532,0.81
PZE_105146498,5,121.6,199646756,0.79
SYN3998,6,93.9,157771445,0.69
SYN24882,6,119.8,164580621,0.7
SYN4744,7,9,5124983,0.81
PZE_107026046,7,36.7,29053955,0.48
PZE_107044548,7,39.1,89310878,0.68
PUT_163a_13557719_256,8,3.6,1831996,0.84
PZE_108017417,8,49.7,17052796,0.66
PZE_108042761,8,63.9,70998690,0.75
PZE_108061313,8,78.5,109934768,0.72
PUT_163a_71423233_3216,8,92.6,133942295,0.79
SYN15878,8,107.7,161560312,0.73
PZE_109001536,9,3.2,2119866,0.82
SYN24330,9,148.6,153489840,0.74
PZE_110039284,10,42.8,75674184,0.86
SYN18871,10,55.4,127349235,0.56
PZE_110093416,10,80.8,141351440,0.84
