SNP,Chr,Pos_cM
PZE_101000088,1,0
PZE_101001587,1,1.2
SYN2545,1,2.6
SYN30742,1,3.9
SYN11492,1,5.9
SYN11494,1,7.2
SYN5934,1,9.7
SYN11315,1,13.6
SYN11325,1,16.5
SYN10139,1,18.1
PZE_101009528,1,19.3
PZE_101011048,1,20.6
PZE_101011906,1,23.2
PZE_101014003,1,24.3
SYN11901,1,26.3
SYN11910,1,27.6
SYN10548,1,28.7
SYN2431,1,30
PZE_101018261,1,31.2
PZE_101019537,1,32.2
PZE_101020456,1,33.4
SYN372,1,34.4
PZE_101021930,1,35.8
SYN12538,1,36.8
PZE_101024131,1,37.9
PUT_163a_149070811_822,1,39.9
SYN31166,1,40.9
SYN5068,1,42
SYN14297,1,43
SYN33277,1,44.1
SYN30822,1,45.2
SYN16133,1,47.2
PZE_101033801,1,48.3
SYN430,1,49.7
PZE_101036181,1,50.7
PZE_101036799,1,51.8
PZE_101037751,1,54.1
SYN248,1,55.7
SYN21657,1,59.6
PZE_101043094,1,60.7
PZE_101044686,1,62
PZE_101047239,1,63
SYN468,1,64.3
PZE_101048890,1,65.4
SYN34505,1,66.9
PZE_101050744,1,68.2
PZE_101051764,1,69.4
SYN34675,1,70.8
SYN15466,1,73.2
SYN36556,1,74.3
SYN13385,1,75.3
SYN3007,1,77.2
SYN37816,1,79.1
PUT_163a_4730462_2144,1,80.8
PZE_101068578,1,82.7
PZE_101069206,1,83.9
PZE_101071285,1,85.2
PZE_101073762,1,86.6
SYN37946,1,88.4
SYN30400,1,90.5
SYN35687,1,91.6
SYN25173,1,93
SYN35766,1,94.4
SYN38511,1,95.8
PZE_101085909,1,96.8
PHM5306_16,1,97.8
SYN23488,1,99.1
PZE_101090113,1,100.2
PZE_101093764,1,101.3
SYN309,1,102.3
SYN18447,1,103.3
PZE_101100033,1,104.5
PZE_101101977,1,105.6
SYN33285,1,106.7
SYN2447,1,107.8
PZE_101126822,1,109.5
PZE_101129131,1,110.9
PZE_101134316,1,112
SYN26373,1,113.2
PZE_101138282,1,114.3
SYN19659,1,115.4
SYN35729,1,116.5
PZE_101141198,1,117.5
SYN1730,1,119.2
PZE_101143985,1,120.6
SYN11639,1,121.7
PZE_101145571,1,125
PZE_101146635,1,126.1
SYN29735,1,127.3
SYN6423,1,129.2
SYN4981,1,130.4
PZE_101151332,1,131.6
SYN10893,1,133.6
SYN27911,1,134.7
SYN28737,1,135.9
PZE_101154578,1,137.2
PZE_101155828,1,138.5
PZE_101157898,1,140.6
SYN27496,1,142.8
SYN39120,1,144.2
PZE_101162348,1,145.5
SYN37671,1,147.7
SYN15312,1,148.7
SYN34585,1,150
SYN28181,1,151.4
PZE_101168672,1,153
PZE_101170679,1,155
SYN21837,1,156
PZE_101172846,1,157.3
SYN27089,1,159
SYN15636,1,160
SYN31264,1,162.1
PZE_101179823,1,163.4
PZE_101181728,1,164.8
PZE_101186140,1,166.8
SYN27669,1,167.8
PZE_101189246,1,169.8
SYN10493,1,171.3
PZE_101190298,1,172.6
PZE_101191080,1,173.7
SYN31513,1,175
SYN13216,1,176.6
PZE_101195800,1,177.8
SYN14441,1,179
SYN36250,1,180.5
SYN13479,1,182.4
PZE_101201243,1,183.7
SYN6273,1,185
PZE_101206027,1,186.7
PZE_101207166,1,187.7
PZE_101207960,1,188.9
SYN12,1,190.3
PZE_101209157,1,191.7
SYN271,1,192.9
SYN37125,1,194.2
PZE_101214804,1,195.7
PZE_101217474,1,198.2
PZE_101220098,1,199.2
SYN20137,1,200.4
SYN11880,1,202.2
SYN16769,1,203.7
PZE_101229795,1,204.7
PUT_163a_71305340_3083,1,206.3
SYN27285,1,208.5
SYN32982,1,210
SYN2055,1,211.5
SYN10358,1,212.8
SYN5998,1,213.8
PUT_163a_88747038_4526,1,215
SYN20048,1,216.9
PZE_101237701,1,218.3
SYN32910,1,219.4
SYN38901,1,220.5
SYN37693,1,221.6
PZE_101241854,1,224.1
PUT_163a_74238957_3642,1,225.4
PZE_101244344,1,226.6
SYN33501,1,228.2
SYN12807,1,229.7
SYN26420,1,232.7
PZA00276_18,1,233.7
SYN38692,1,235.1
PUT_163a_76012177_3730,1,241.6
SYN12422,1,243.3
SYN14020,1,244.5
PZE_101252431,1,245.5
SYN2035,1,246.8
SYN25989,1,249.1
PZE_101254612,1,250.4
SYN16121,1,252.2
PZE_101256851,1,254.4
PUT_163a_78092140_4247,2,0
SYN20785,2,1.4
SYN4121,2,3.4
SYN148,2,5.4
PHM13440_11,2,8.1
PZA02175_1,2,9.9
PZA00902_1,2,11.1
PZA_002264005,2,12.2
SYN23899,2,15.1
SYN2664,2,16.2
SYN31700,2,17.6
SYN31118,2,18.7
SYN3550,2,20
SYN10369,2,22.9
PZE_102012595,2,24
SYN27979,2,26.4
SYN2692,2,27.4
SYN1142,2,28.4
SYN4734,2,29.6
SYN4738,2,31.4
SYN11386,2,32.6
SYN38155,2,34.1
SYN13012,2,35.5
SYN5491,2,39.1
SYN36013,2,41.2
PZE_102027555,2,42.3
SYN6380,2,44.2
SYN240,2,47.5
PZE_102032550,2,48.9
PZE_102032700,2,49.9
SYN266,2,51.1
PZE_102035734,2,55.3
SYN20892,2,58.7
PZE_102038457,2,60.5
PZE_102039584,2,62.4
SYN24572,2,63.9
PZE_102040639,2,65
SYN29040,2,66.9
SYN25976,2,68.1
SYN21122,2,69.5
SYN635,2,72.2
SYN3949,2,73.8
SYN2574,2,76
SYN19565,2,77.3
SYN318,2,78.4
PZE_102056594,2,79.5
SYN21334,2,80.7
SYN28428,2,82
PZE_102062050,2,83.2
PZE_102062962,2,84.6
SYN11871,2,88.1
SYN5389,2,89.4
SYN38709,2,90.6
SYN243,2,92
PZE_102077000,2,93.3
PZE_102079038,2,95.3
PZE_102080745,2,96.3
PZE_102088058,2,97.5
PZE_102103687,2,98.7
SYN34892,2,99.9
PZE_102115210,2,101.5
PZE_102116253,2,103
SYN18935,2,104.1
PZE_102123339,2,105.2
SYN33470,2,107
SYN1715,2,109.8
SYN12139,2,111.2
SYN28452,2,112.8
PZE_102141932,2,114.4
PUT_163a_76292635_3968,2,115.5
SYN4463,2,117.1
PZE_102148653,2,119.2
SYN20821,2,121.3
PZE_102149979,2,122.4
SYN25686,2,123.4
PZE_102152341,2,125
SYN12058,2,126.2
SYN26925,2,127.8
SYN5375,2,128.8
SYN34747,2,133.7
PZE_102159951,2,134.9
PZE_102161343,2,136.3
SYN34830,2,137.7
PZE_102163896,2,138.9
PZE_102165274,2,140.4
SYN15076,2,141.5
SYN10128,2,143.1
SYN31932,2,144.5
SYN32350,2,146.4
PZE_102170912,2,147.8
SYN28589,2,150.9
PZE_102172862,2,152.1
SYN31065,2,154.1
PZE_102176551,2,155.5
PZE_102177216,2,156.9
SYN31670,2,158.2
SYN18370,2,159.7
SYN18298,2,160.9
PZE_102181729,2,163.1
SYN31625,2,164.2
SYN28305,2,165.4
PZE_102183628,2,167.4
PZE_102183761,2,169.4
PZE_102184881,2,170.4
PZE_102185564,2,172.7
SYN38986,2,174.4
PZE_102187385,2,175.9
SYN37221,2,178.2
SYN37222,2,179.9
SYN14633,2,181.1
PUT_163a_71446738_3385,2,182.2
SYN31202,2,185.2
PZE_102193904,2,187
PZA00309_1,3,0
PZE_103001531,3,1.6
PZE_103002726,3,4.4
SYN39150,3,7.4
SYN10208,3,10.7
SYN25632,3,11.9
SYN15338,3,19.1
PUT_163a_71423695_3220,3,20.8
SYN5646,3,23.8
PZE_103008604,3,25.1
SYN28478,3,26.4
PZA02678_1,3,28.8
PUT_163a_148951348_515,3,30.2
SYN14580,3,35.9
PZE_103015226,3,38.3
SYN13714,3,42.3
PZE_103016418,3,43.4
SYN10094,3,46.9
SYN24350,3,48.4
SYN38181,3,50.4
PZE_103019119,3,51.5
PZE_103020815,3,55.1
SYN37725,3,57.4
PZE_103022322,3,59.2
SYN33443,3,61.1
SYN33798,3,62.4
PZE_103027358,3,66.6
PZE_103030646,3,68.5
PZE_103031634,3,69.8
SYN32858,3,71.4
PUT_163a_110204885_63,3,72.6
PZE_103041113,3,73.6
PZE_103046325,3,74.8
PZE_103053111,3,75.9
PZE_103070590,3,77.5
PZE_103074774,3,78.6
PZE_103075826,3,79.6
PZE_103077634,3,81.1
PZE_103082609,3,82.2
PZE_103086783,3,83.3
SYN10940,3,85.8
SYN34785,3,87.2
PZE_103090925,3,88.7
PZE_103092754,3,89.9
PUT_163a_60398389_2973,3,91.1
PZE_103099066,3,93
SYN16048,3,94.4
PZE_103102032,3,97.8
SYN14727,3,98.9
PUT_163a_76293601_3974,3,100.3
PZE_103109369,3,103.1
PZE_103110860,3,104.4
PZE_103112971,3,105.8
SYN31233,3,107.3
PZE_103116145,3,108.8
PZE_103118006,3,110.8
SYN18160,3,111.8
PZE_103119687,3,112.8
SYN30212,3,115.4
SYN31222,3,117.7
SYN31225,3,118.7
PZE_103124901,3,119.9
PZE_103125579,3,121.9
PZE_103126215,3,123.8
SYN23233,3,127
PZE_103129454,3,128.7
PZE_103130978,3,130.1
PZE_103132150,3,131.2
PZE_103132614,3,132.3
PZE_103133568,3,134.1
SYN30268,3,136.1
SYN23092,3,137.1
SYN24182,3,138.6
SYN37387,3,141
PZE_103141953,3,142.2
SYN34418,3,143.8
PUT_163a_88754120_4563,3,145.1
SYN32692,3,147.9
PZE_103149272,3,150.5
PZE_103150041,3,151.8
SYN20313,3,152.9
PZE_103151399,3,154.6
PUT_163a_71761183_3448,3,155.6
PZE_103155594,3,158.3
PZE_103156977,3,161.2
SYN34635,3,162.7
SYN31429,3,165.3
PUT_163a_71440306_3328,3,167.1
PZE_103163035,3,168.7
SYN35424,3,169.8
SYN35556,3,171.3
SYN33391,3,172.4
PUT_163a_22545298_1589,3,173.4
SYN31522,3,177.2
SYN32258,3,179.5
SYN28000,3,180.5
SYN4045,3,181.6
PZE_103172732,3,183.3
SYN31046,3,185.9
SYN38998,3,187.1
SYN33527,3,188.3
SYN38130,3,189.4
PZE_103177780,3,190.6
SYN31243,3,193.4
SYN27420,3,195.1
SYN30477,3,196.4
SYN29679,3,198.8
PZE_103182291,3,200.1
SYN30342,3,203.2
SYN4860,3,204.8
PZE_103185889,3,206.9
SYN33196,4,0
SYN24156,4,1.4
SYN33006,4,2.5
PUT_163a_78115415_4344,4,3.5
SYN22929,4,4.6
PUT_163a_94477564_4893,4,7.2
SYN1073,4,10.3
SYN1064,4,13.7
SYN24520,4,15.5
SYN11366,4,17.7
SYN24044,4,18.7
SYN29175,4,24.5
SYN29997,4,27.2
SYN30003,4,28.2
PZE_104009755,4,35.1
SYN19801,4,36.6
SYN11697,4,37.7
SYN14191,4,39.4
SYN31962,4,41.2
PZE_104012818,4,44.2
PZE_104013117,4,45.8
PZE_104013627,4,48.8
PZE_104014765,4,50.8
SYN12142,4,52.4
PZE_104016428,4,53.7
SYN30707,4,55.3
PZE_104017875,4,56.4
PZE_104018218,4,57.5
PZE_104018363,4,58.9
PZE_104019012,4,60
SYN24026,4,61.2
SYN23842,4,62.6
PZE_104021510,4,64.1
SYN31169,4,65.8
SYN23037,4,66.8
PZE_104028286,4,68.3
PZE_104029141,4,69.3
SYN25839,4,70.6
PZE_104031664,4,71.7
PZE_104033664,4,72.7
SYN10441,4,73.7
PZE_104042143,4,74.9
PZE_104049103,4,75.9
SYN21348,4,77.2
PZE_104066797,4,78.4
PZE_104074935,4,79.4
SYN27217,4,81.6
PZE_104079202,4,83.1
PUT_163a_71330910_3189,4,85.1
PZE_104081530,4,86.7
PZE_104083693,4,88.1
SYN4676,4,90.1
PZE_104086186,4,91.1
PZE_104087964,4,92.5
SYN1892,4,95.8
PZE_104091530,4,97.6
SYN2178,4,98.7
SYN606,4,100.4
PZE_104095248,4,101.6
PZA00271_1,4,103.9
SYN2090,4,105
SYN2452,4,106.4
SYN2327,4,109.6
PZE_104100589,4,110.7
SYN18331,4,112.1
PZE_104102755,4,114.9
SYN1846,4,117.1
PZE_104104798,4,118.2
SYN1197,4,119.2
PZE_104105816,4,120.4
PZE_104106033,4,121.4
PUT_163a_13388743_219,4,123.4
PZE_104109358,4,124.8
SYN32511,4,125.9
PZE_104112738,4,127.3
PZE_104113360,4,128.4
SYN14892,4,129.9
PHM4348_16,4,131.2
SYN1805,4,132.2
PZE_104122100,4,133.3
PZE_104123695,4,134.3
PZE_104126314,4,135.5
PZE_104128889,4,136.8
PZE_104132640,4,138.6
SYN29124,4,139.7
SYN19608,4,140.7
SYN22426,4,141.9
PZE_104139549,4,143.4
PZE_104140188,4,144.8
SYN29804,4,146
PZE_104142983,4,147.2
PZE_104143118,4,148.3
SYN23418,4,149.6
PZE_104145773,4,151.7
PZE_104146082,4,153.8
SYN19392,4,155.2
SYN28888,4,157.7
PZE_104150001,4,162.7
SYN14093,4,163.7
SYN39090,4,167.1
SYN14623,4,169
SYN37134,4,170.5
PUT_163a_31664272_1986,4,171.5
PZE_104153704,4,172.9
SYN1363,4,174.1
SYN38841,4,175.5
SYN37256,4,176.6
SYN26000,4,178.1
PZE_104155284,4,179.3
SYN39224,4,180.4
SYN29058,4,181.4
PZE_104157101,4,186
PZE_105000145,5,0
SYN21619,5,2.1
SYN35027,5,3.1
PZE_105003814,5,4.5
SYN36933,5,6.7
SYN15176,5,8.1
SYN541,5,9.1
SYN31758,5,11.8
SYN523,5,13.4
PUT_163a_14244370_320,5,15.3
SYN5363,5,18.3
SYN30873,5,19.5
SYN12682,5,21.2
SYN1037,5,22.7
SYN3123,5,24.1
PZE_105015473,5,30.1
PZE_105016573,5,31.3
SYN2126,5,32.5
PZE_105018063,5,33.9
PZE_105018841,5,35.6
SYN33205,5,37.3
SYN38234,5,38.7
PZE_105021560,5,40.1
PZE_105023645,5,42.1
SYN27310,5,46.8
SYN35808,5,48.1
SYN1692,5,49.4
SYN19687,5,50.5
SYN16500,5,54.2
SYN15152,5,55.3
PZE_105031086,5,56.6
PZE_105031844,5,57.8
PZE_105033111,5,58.8
SYN21201,5,60.1
PZE_105037660,5,61.2
PZE_105040234,5,62.2
PZE_105042963,5,63.2
SYN11795,5,64.7
PZE_105049996,5,66.3
PZE_105050537,5,67.5
PZE_105053747,5,68.5
PZE_105057600,5,69.5
PZE_105061350,5,70.7
PZE_105065758,5,72
PZE_105067125,5,73.2
SYN34071,5,74.5
PZE_105074598,5,76.1
PZE_105078090,5,77.5
PZE_105090726,5,78.5
PZE_105098779,5,79.6
PZE_105100878,5,81.5
PUT_163a_4174532_2029,5,82.9
PUT_163a_18162524_1229,5,83.9
SYN27038,5,85.3
PZE_105110067,5,86.5
SYN30458,5,88.6
SYN34468,5,90.1
PUT_163a_4573181_2059,5,91.1
PZE_105114470,5,92.6
SYN36136,5,93.6
PZE_105115904,5,94.8
SYN34521,5,96.2
SYN31820,5,97.8
PZE_105121226,5,99
SYN12712,5,100.4
PZE_105126109,5,102
PZE_105128217,5,104.6
PZE_105129422,5,105.7
SYN16485,5,106.8
SYN16484,5,108.3
SYN35847,5,109.5
SYN14521,5,110.6
SYN31644,5,112.2
SYN27782,5,113.5
SYN29255,5,114.7
SYN1176,5,116.6
PZE_105141391,5,118.3
SYN34083,5,120.2
PZE_105146498,5,121.6
PZE_105149244,5,123.1
SYN2083,5,125.7
SYN29327,5,127.6
SYN22059,5,128.7
SYN24659,5,129.8
SYN1884,5,130.8
SYN1926,5,132.5
SYN36851,5,133.5
PZB02189_6,5,134.7
PZE_106000007,6,0
PZA00606_3,6,2
PZE_106001672,6,3.6
PZE_106003203,6,5.1
SYN39272,6,8.3
PZE_106005094,6,9.8
SYN10561,6,11.3
PZE_106007410,6,12.5
PZE_106010115,6,14.2
PZE_106013654,6,15.2
SYN11613,6,16.4
PZE_106035079,6,17.5
PZE_106039882,6,19.1
PZE_106041604,6,21.9
SYN11803,6,23
PZE_106045024,6,24.4
PZE_106046102,6,27
PZE_106047470,6,28.4
PZE_106048958,6,29.6
SYN3641,6,31.1
PZE_106051936,6,32.1
PZE_106052904,6,33.1
SYN12088,6,34.2
PZE_106054425,6,36.2
SYN23500,6,37.5
PZE_106057989,6,38.5
PZE_106059535,6,40.4
SYN24768,6,41.8
PZE_106061055,6,44.4
SYN30628,6,45.8
PZE_106062474,6,47.3
PZE_106065285,6,48.6
SYN23913,6,49.6
SYN29425,6,50.6
PUT_163a_86468823_4491,6,52.1
SYN26935,6,53.5
PZE_106070387,6,54.6
PZE_106072074,6,55.7
SYN24366,6,56.7
PZE_106075520,6,58.1
PZE_106076828,6,59.6
PZA00250_1,6,60.8
PZE_106083170,6,62.3
SYN26383,6,63.4
SYN32129,6,65.4
SYN27107,6,67
PZE_106092386,6,69.6
PZE_106093812,6,71.6
SYN4801,6,72.9
SYN11808,6,75
SYN11809,6,77.4
PZE_106096872,6,78.5
SYN37999,6,79.7
SYN35959,6,81.2
SYN30391,6,83.3
SYN24056,6,84.3
SYN24461,6,85.6
PZE_106103012,6,86.7
SYN23855,6,87.8
PZE_106106877,6,90.8
SYN23624,6,91.9
SYN3998,6,93.9
SYN19164,6,95.2
SYN19161,6,96.9
SYN27121,6,100
SYN26168,6,102.2
SYN23743,6,103.4
PZE_106116673,6,105.3
PUT_163a_60338619_2360,6,111.6
SYN22989,6,112.7
SYN16022,6,114.5
SYN13307,6,115.8
SYN13308,6,116.9
SYN24882,6,119.8
SYN10686,6,121.7
PZA02141_1,6,123.3
SYN5884,6,124.5
PZE_106126296,6,125.9
PZE_106128315,6,128.9
SYN24811,6,130.6
SYN15208,6,131.8
SYN23973,7,0
PZE_107005418,7,1
SYN25440,7,2.9
PZE_107006511,7,4.1
SYN21564,7,5.9
SYN21560,7,8
SYN4744,7,9
SYN3807,7,11.3
PZE_107009278,7,13.1
SYN36033,7,14.5
PZE_107010433,7,16.7
SYN32202,7,18.2
SYN18116,7,20.9
SYN36577,7,24.2
PUT_163a_50327005_2185,7,26.5
SYN33126,7,27.5
PZE_107016614,7,28.5
SYN26435,7,30
PZE_107017614,7,31
PZE_107019072,7,32.7
SYN10101,7,33.8
SYN23593,7,35.6
PZE_107026046,7,36.7
PZE_107031924,7,37.9
PZE_107044548,7,39.1
PZE_107053268,7,40.2
PZE_107054656,7,41.2
SYN39188,7,42.9
SYN36345,7,44
SYN3200,7,45.2
SYN3716,7,46.4
PZE_107065974,7,48.4
PZE_107067062,7,50.2
PZE_107068407,7,51.4
PZE_107070761,7,52.5
SYN17089,7,53.9
PZE_107073339,7,55.4
SYN28758,7,56.4
PZE_107074755,7,58.1
SYN17332,7,59.4
PZE_107076020,7,60.5
PZE_107076684,7,61.8
SYN35079,7,63.2
SYN32295,7,64.7
SYN22406,7,66.9
PZE_107084474,7,69.6
SYN22167,7,71.1
PZE_107087898,7,72.2
SYN24395,7,73.5
SYN32262,7,74.9
PZE_107097026,7,76.4
PZE_107098163,7,77.4
PZE_107099144,7,79
PZE_107100523,7,80.1
PZE_107102206,7,81.3
PZE_107103880,7,82.3
PZE_107105855,7,83.5
PZE_107106251,7,84.8
PZE_107106472,7,86.3
PZE_107108370,7,87.6
SYN3350,7,88.6
SYN10522,7,89.9
SYN15451,7,91.7
PZE_107113339,7,95.7
SYN25311,7,99.3
PZE_107116723,7,100.8
PZE_107117917,7,102.1
PZE_107118743,7,104
SYN13029,7,105.1
PZE_107119968,7,106.3
SYN12703,7,109.8
SYN20121,7,111.1
PZE_107123572,7,115.8
SYN12253,7,117.5
PZE_107126296,7,120.2
SYN30795,7,121.3
SYN10749,7,123
SYN34109,7,135.8
PZE_108000683,8,0
SYN25099,8,2.2
PUT_163a_13557719_256,8,3.6
SYN10808,8,5.1
PZE_108002846,8,9.5
SYN17938,8,11.4
PZA_002174002,8,12.4
PZE_108004350,8,16.9
PZE_108004388,8,17.9
SYN12530,8,20.1
SYN34214,8,21.3
PZE_108005605,8,23.8
SYN3883,8,25
SYN10427,8,26
PZE_108007013,8,27.2
SYN20700,8,29.9
PZE_108008403,8,31.8
PZE_108008825,8,33.5
PZE_108009251,8,34.5
SYN36558,8,35.8
PZE_108010981,8,37.6
PZE_108011830,8,39.6
SYN3396,8,40.7
PZE_108013234,8,42.2
PZE_108013757,8,44
SYN35072,8,45
PZE_108016244,8,46.8
PZE_108017417,8,49.7
PZE_108019790,8,51.5
PZE_108018485,8,52.6
PZE_108021327,8,54.2
PZE_108021864,8,56.1
SYN17577,8,57.5
PZE_108023615,8,59.3
PZE_108024348,8,60.3
SYN19605,8,61.6
PZE_108032283,8,62.6
PZE_108042761,8,63.9
SYN12525,8,65
SYN2884,8,66
PZE_108045907,8,67.5
SYN30907,8,68.9
PZE_108053704,8,70.1
PZE_108054215,8,71.1
SYN17876,8,73.3
SYN30221,8,75.3
PZE_108058161,8,76.4
PZE_108059057,8,77.5
PZE_108061313,8,78.5
PUT_163a_78092237_4250,8,80.6
PZE_108063794,8,81.6
PZE_108065744,8,82.6
SYN27931,8,84.2
PZE_108067569,8,85.3
PUT_163a_74234257_3606,8,86.9
PZE_108071079,8,88.8
SYN15433,8,90
SYN11836,8,91.4
PUT_163a_71423233_3216,8,92.6
PZE_108080736,8,93.7
SYN38887,8,94.8
PZE_108107072,8,104.9
SYN15878,8,107.7
PZE_108109498,8,111.8
SYN14062,8,113.3
PZE_108111762,8,114.5
SYN23212,8,115.7
SYN30178,8,117.3
SYN32177,8,120.2
PZE_108116213,8,122.6
PZE_108117199,8,123.9
SYN31086,8,125.1
PZE_108118398,8,128.7
PZE_108119072,8,129.7
SYN29149,8,131.1
SYN20446,8,132.3
SYN36468,8,133.4
PUT_163a_76010623_3722,8,134.4
SYN21960,8,137.9
PZE_108124414,8,139.5
SYN23844,8,141
SYN36002,8,142.7
SYN36001,8,143.8
PZE_108126650,8,144.9
PZA00189_23,8,146.8
SYN4414,8,149
PUT_163a_71311544_3116,8,151.1
SYN15043,8,152.4
SYN4930,8,153.4
PZA02281_3,8,155.1
PZE_108133242,8,156.7
SYN10423,8,159.4
PZE_108133741,8,161.1
SYN36374,8,162.6
SYN29575,8,165.9
SYN20808,8,167.5
PZE_109000143,9,0
SYN21732,9,2
PZE_109001536,9,3.2
SYN36188,9,4.7
PZE_109003046,9,6
PZE_109003305,9,7.4
SYN30861,9,10
SYN35081,9,14.8
PZE_109006201,9,17.1
PZE_109006992,9,19.1
SYN39069,9,20.9
SYN13447,9,22.7
SYN19752,9,24.6
SYN20011,9,26.4
SYN11737,9,28
PZE_109009392,9,29.8
PZE_109009763,9,31.7
PZE_109010476,9,33.3
PZE_109011385,9,34.8
SYN2758,9,36.8
PZE_109013000,9,38.6
SYN35320,9,39.8
SYN12315,9,41.6
SYN11769,9,43
PZE_109015133,9,44.3
PZE_109015314,9,46
PZE_109016177,9,48.3
SYN16077,9,50.7
PZE_109016955,9,51.7
PZE_109018303,9,54.6
SYN18694,9,55.7
SYN29881,9,58.9
SYN15749,9,60.1
PZE_109022427,9,61.3
SYN34183,9,62.4
SYN28207,9,64.2
PZE_109026940,9,65.5
PZE_109029553,9,66.6
SYN38486,9,67.9
PZE_109055553,9,70.1
PZE_109057545,9,71.1
PZE_109060496,9,72.2
SYN37617,9,73.4
PZE_109066337,9,74.9
SYN21230,9,76
PZE_109068561,9,77
SYN18130,9,78.2
PZE_109073134,9,79.7
SYN22541,9,80.8
PZE_109077509,9,82
PZE_109078597,9,83.5
SYN24353,9,84.5
SYN3443,9,85.5
PZA01866_1,9,88
PZE_109086097,9,89
PZE_109087484,9,90.2
PZE_109088452,9,91.2
PZE_109089873,9,92.6
PZE_109091377,9,94.5
PZE_109093491,9,98
SYN32361,9,99.1
SYN11597,9,100.7
SYN26727,9,102.1
PZE_109097202,9,103.4
SYN30940,9,104.7
PZE_109098496,9,106.9
SYN27711,9,108
SYN22241,9,109.9
SYN25124,9,111.9
SYN30124,9,114.5
PZE_109102962,9,115.6
PZA02197_1,9,117
SYN10263,9,119.2
PZE_109107497,9,120.7
PZE_109109275,9,125.8
PZE_109109692,9,127.8
PZE_109109991,9,128.8
PZE_109110253,9,129.9
SYN5447,9,130.9
PZE_109111133,9,133.5
SYN35714,9,135.3
PUT_163a_4621424_2088,9,136.4
SYN10591,9,138.8
PUT_163a_50330000_2208,9,141.8
PZE_109115897,9,143.1
PZE_109116477,9,145.2
SYN24345,9,146.7
SYN24330,9,148.6
SYN24328,9,150
SYN15948,9,152.3
SYN13953,9,154.7
PZE_109119946,9,155.7
PUT_163a_16922936_1081,9,157.8
SYN17514,10,0
SYN16185,10,1.8
SYN16805,10,3.8
SYN12396,10,5.7
SYN12401,10,8.3
SYN17105,10,10.7
SYN14833,10,12.3
SYN4471,10,14.6
SYN17783,10,18.2
SYN16720,10,21.7
PZE_110009032,10,27.9
PZE_110009334,10,29.8
SYN23776,10,32
PZE_110012285,10,33.5
PZE_110013051,10,34.7
PZE_110014718,10,36.1
PZE_110016084,10,37.1
PZE_110019712,10,39.2
PZE_110020197,10,40.3
PZE_110033293,10,41.7
PZE_110039284,10,42.8
PZE_110042215,10,44.3
PZE_110044190,10,46.2
PZE_110048720,10,47.4
SYN15824,10,49
SYN1116,10,50.6
PZE_110062653,10,51.8
SYN30375,10,53
PZE_110069835,10,54.2
SYN18871,10,55.4
PZE_110073500,10,56.4
PZE_110074757,10,58.2
PZE_110076741,10,60.1
PZE_110078631,10,61.2
SYN4826,10,63.7
PZE_110082048,10,66.3
SYN18730,10,67.6
PZE_110084754,10,68.9
SYN28385,10,70.7
PZE_110086343,10,71.8
SYN21905,10,73.4
PZE_110089201,10,77.2
SYN13120,10,78.9
PZE_110093416,10,80.8
SYN36714,10,82.5
SYN16965,10,83.7
SYN1018,10,86
PUT_163a_29544531_1779,10,87.3
PZE_110097359,10,90.5
SYN6070,10,92.1
SYN4350,10,93.4
PZE_110099681,10,94.7
PZE_110100685,10,96.6
PZE_110101412,10,98.4
SYN11610,10,100.4
SYN15271,10,101.4
SYN12666,10,105.3
SYN19616,10,106.8
SYN35585,10,108.5
PZE_110105598,10,110.3
SYN22560,10,111.5
SYN19209,10,113.6
SYN19290,10,115.9
PZE_110109364,10,118.9
SYN13564,10,121.6
