SNP,Chr,Pos_cM,Pos_bp
PZE_101000088,1,0,238347
PZE_101001587,1,1.2,2687631
SYN2545,1,2.6,3014858
SYN30742,1,3.9,3181742
SYN11492,1,5.9,3665571
SYN11494,1,7.2,3708114
SYN5934,1,9.7,4306991
SYN11315,1,13.6,4994459
SYN11325,1,16.5,5092856
SYN10139,1,18.1,5438841
PZE_101009528,1,19.3,5732049
PZE_101011048,1,20.6,6547772
PZE_101011906,1,23.2,7087062
PZE_101014003,1,24.3,7998309
SYN11901,1,26.3,8515602
SYN11910,1,27.6,8631016
SYN10548,1,28.7,9526231
SYN2431,1,30,10088737
PZE_101018261,1,31.2,10585225
PZE_101019537,1,32.2,11392132
PZE_101020456,1,33.4,12149892
SYN372,1,34.4,12357299
PZE_101021930,1,35.8,12519269
SYN12538,1,36.8,12976294
PZE_101024131,1,37.9,14168358
PUT_163a_149070811_822,1,39.9,15071787
SYN31166,1,40.9,15170295
SYN5068,1,42,15775277
SYN14297,1,43,16579851
SYN33277,1,44.1,17625530
SYN30822,1,45.2,17714192
SYN16133,1,47.2,19327639
PZE_101033801,1,48.3,21710836
SYN430,1,49.7,21983736
PZE_101036181,1,50.7,23564131
PZE_101036799,1,51.8,24194242
PZE_101037751,1,54.1,24931201
SYN248,1,55.7,26825638
SYN21657,1,59.6,27388849
PZE_101043094,1,60.7,29355317
PZE_101044686,1,62,30568749
PZE_101047239,1,63,32601388
SYN468,1,64.3,33321536
PZE_101048890,1,65.4,33672182
SYN34505,1,66.9,33885206
PZE_101050744,1,68.2,34994417
PZE_101051764,1,69.4,35760173
SYN34675,1,70.8,39248635
SYN15466,1,73.2,40139302
SYN36556,1,74.3,42522289
SYN13385,1,75.3,43974129
SYN3007,1,77.2,45778856
SYN37816,1,79.1,46857879
PUT_163a_4730462_2144,1,80.8,49131074
PZE_101068578,1,82.7,51895687
PZE_101069206,1,83.9,52346396
PZE_101071285,1,85.2,53666690
PZE_101073762,1,86.6,56564061
SYN37946,1,88.4,56983112
SYN30400,1,90.5,61142853
SYN35687,1,91.6,62888346
SYN25173,1,93,69091882
SYN35766,1,94.4,69888616
SYN38511,1,95.8,72112397
PZE_101085909,1,96.8,75898206
PHM5306_16,1,97.8,77242138
SYN23488,1,99.1,79754773
PZE_101090113,1,100.2,81777246
PZE_101093764,1,101.3,86844203
SYN309,1,102.3,91189194
SYN18447,1,103.3,93800291
PZE_101100033,1,104.5,96112420
PZE_101101977,1,105.6,99974944
SYN33285,1,106.7,110637780
SYN2447,1,107.8,150709115
PZE_101126822,1,109.5,160854076
PZE_101129131,1,110.9,164644927
PZE_101134316,1,112,173849924
SYN26373,1,113.2,174637844
PZE_101138282,1,114.3,179372229
SYN19659,1,115.4,180625245
SYN35729,1,116.5,181889489
PZE_101141198,1,117.5,182293261
SYN1730,1,119.2,183779311
PZE_101143985,1,120.6,187189842
SYN11639,1,121.7,187637337
PZE_101145571,1,125,188220467
PZE_101146635,1,126.1,189796981
SYN29735,1,127.3,191002543
SYN6423,1,129.2,191858871
SYN4981,1,130.4,194491140
PZE_101151332,1,131.6,194991661
SYN10893,1,133.6,195485942
SYN27911,1,134.7,196427247
SYN28737,1,135.9,196642357
PZE_101154578,1,137.2,197659066
PZE_101155828,1,138.5,198779072
PZE_101157898,1,140.6,200077059
SYN27496,1,142.8,201480584
SYN39120,1,144.2,202300043
PZE_101162348,1,145.5,205533776
SYN37671,1,147.7,206858877
SYN15312,1,148.7,207713989
SYN34585,1,150,209181081
SYN28181,1,151.4,210740933
PZE_101168672,1,153,211625229
PZE_101170679,1,155,214238200
SYN21837,1,156,214900075
PZE_101172846,1,157.3,216692421
SYN27089,1,159,217897771
SYN15636,1,160,223039063
SYN31264,1,162.1,223942029
PZE_101179823,1,163.4,224257853
PZE_101181728,1,164.8,226217409
PZE_101186140,1,166.8,230834164
SYN27669,1,167.8,232520712
PZE_101189246,1,169.8,234900313
SYN10493,1,171.3,235570438
PZE_101190298,1,172.6,236090113
PZE_101191080,1,173.7,237462210
SYN31513,1,175,240493803
SYN13216,1,176.6,241222849
PZE_101195800,1,177.8,243462783
SYN14441,1,179,243783371
SYN36250,1,180.5,248848086
SYN13479,1,182.4,249319865
PZE_101201243,1,183.7,252790397
SYN6273,1,185,253303473
PZE_101206027,1,186.7,254890863
PZE_101207166,1,187.7,256489660
PZE_101207960,1,188.9,257324697
SYN12,1,190.3,257973158
PZE_101209157,1,191.7,258553081
SYN271,1,192.9,260148154
SYN37125,1,194.2,262719827
PZE_101214804,1,195.7,265437856
PZE_101217474,1,198.2,268814080
PZE_101220098,1,199.2,271627282
SYN20137,1,200.4,273786110
SYN11880,1,202.2,275047710
SYN16769,1,203.7,276993053
PZE_101229795,1,204.7,279269507
PUT_163a_71305340_3083,1,206.3,279682066
SYN27285,1,208.5,280218373
SYN32982,1,210,281163917
SYN2055,1,211.5,281647192
SYN10358,1,212.8,282530148
SYN5998,1,213.8,282749221
PUT_163a_88747038_4526,1,215,283862456
SYN20048,1,216.9,285111461
PZE_101237701,1,218.3,285525052
SYN32910,1,219.4,286326752
SYN38901,1,220.5,286990736
SYN37693,1,221.6,287718333
PZE_101241854,1,224.1,288559212
PUT_163a_74238957_3642,1,225.4,289334656
PZE_101244344,1,226.6,290474156
SYN33501,1,228.2,291652804
SYN12807,1,229.7,292352234
SYN26420,1,232.7,292661581
PZA00276_18,1,233.7,293150895
SYN38692,1,235.1,293638311
PUT_163a_76012177_3730,1,241.6,295427233
SYN12422,1,243.3,295763056
SYN14020,1,244.5,296257171
PZE_101252431,1,245.5,296767385
SYN2035,1,246.8,297180162
SYN25989,1,249.1,297974901
PZE_101254612,1,250.4,298413219
SYN16121,1,252.2,299406235
PZE_101256851,1,254.4,300284644
PUT_163a_78092140_4247,2,0,1285001
SYN20785,2,1.4,1560568
SYN4121,2,3.4,1813808
SYN148,2,5.4,2114624
PHM13440_11,2,8.1,2539982
PZA02175_1,2,9.9,2805975
PZA00902_1,2,11.1,3081671
PZA_002264005,2,12.2,3180038
SYN23899,2,15.1,3402040
SYN2664,2,16.2,3577978
SYN31700,2,17.6,4188743
SYN31118,2,18.7,4302909
SYN3550,2,20,4674090
SYN10369,2,22.9,5379183
PZE_102012595,2,24,5555831
SYN27979,2,26.4,6014075
SYN2692,2,27.4,6914112
SYN1142,2,28.4,9085410
SYN4734,2,29.6,9359094
SYN4738,2,31.4,9444031
SYN11386,2,32.6,9985308
SYN38155,2,34.1,10381987
SYN13012,2,35.5,11367217
SYN5491,2,39.1,11762756
SYN36013,2,41.2,12350353
PZE_102027555,2,42.3,12801778
SYN6380,2,44.2,13351788
SYN240,2,47.5,14685935
PZE_102032550,2,48.9,15246819
PZE_102032700,2,49.9,15343099
SYN266,2,51.1,16122916
PZE_102035734,2,55.3,16928854
SYN20892,2,58.7,18134220
PZE_102038457,2,60.5,18618444
PZE_102039584,2,62.4,19432088
SYN24572,2,63.9,20008232
PZE_102040639,2,65,20393117
SYN29040,2,66.9,20723515
SYN25976,2,68.1,21794826
SYN21122,2,69.5,22885187
SYN635,2,72.2,27810298
SYN3949,2,73.8,28663063
SYN2574,2,76,30261257
SYN19565,2,77.3,30589468
SYN318,2,78.4,31151783
PZE_102056594,2,79.5,34569022
SYN21334,2,80.7,36360951
SYN28428,2,82,38989223
PZE_102062050,2,83.2,40152831
PZE_102062962,2,84.6,41301290
SYN11871,2,88.1,44379863
SYN5389,2,89.4,47555620
SYN38709,2,90.6,51280136
SYN243,2,92,56107836
PZE_102077000,2,93.3,59037068
PZE_102079038,2,95.3,61848079
PZE_102080745,2,96.3,64605765
PZE_102088058,2,97.5,83847586
PZE_102103687,2,98.7,127959743
SYN34892,2,99.9,148659387
PZE_102115210,2,101.5,151797551
PZE_102116253,2,103,154166312
SYN18935,2,104.1,167329990
PZE_102123339,2,105.2,170658042
SYN33470,2,107,177899328
SYN1715,2,109.8,185379678
SYN12139,2,111.2,186186478
SYN28452,2,112.8,186642663
PZE_102141932,2,114.4,189224373
PUT_163a_76292635_3968,2,115.5,190158725
SYN4463,2,117.1,192785667
PZE_102148653,2,119.2,195529678
SYN20821,2,121.3,196412643
PZE_102149979,2,122.4,196529302
SYN25686,2,123.4,198582807
PZE_102152341,2,125,198896536
SYN12058,2,126.2,199457002
SYN26925,2,127.8,203254118
SYN5375,2,128.8,204427283
SYN34747,2,133.7,205709373
PZE_102159951,2,134.9,206122992
PZE_102161343,2,136.3,207230571
SYN34830,2,137.7,207698287
PZE_102163896,2,138.9,208999062
PZE_102165274,2,140.4,209833867
SYN15076,2,141.5,210745994
SYN10128,2,143.1,211517706
SYN31932,2,144.5,212245013
SYN32350,2,146.4,213161907
PZE_102170912,2,147.8,214078404
SYN28589,2,150.9,215517726
PZE_102172862,2,152.1,216004702
SYN31065,2,154.1,217225065
PZE_102176551,2,155.5,219258619
PZE_102177216,2,156.9,219905615
SYN31670,2,158.2,220233555
SYN18370,2,159.7,222588519
SYN18298,2,160.9,223290849
PZE_102181729,2,163.1,224147436
SYN31625,2,164.2,224549805
SYN28305,2,165.4,225530997
PZE_102183628,2,167.4,226370656
PZE_102183761,2,169.4,226394530
PZE_102184881,2,170.4,228801073
PZE_102185564,2,172.7,229298876
SYN38986,2,174.4,229996082
PZE_102187385,2,175.9,231332889
SYN37221,2,178.2,232392706
SYN37222,2,179.9,232528683
SYN14633,2,181.1,232877340
PUT_163a_71446738_3385,2,182.2,233118751
SYN31202,2,185.2,233677897
PZE_102193904,2,187,236615130
PZA00309_1,3,0,1298537
PZE_103001531,3,1.6,1715669
PZE_103002726,3,4.4,2144738
SYN39150,3,7.4,2445393
SYN10208,3,10.7,2745080
SYN25632,3,11.9,3448864
SYN15338,3,19.1,3830422
PUT_163a_71423695_3220,3,20.8,4441883
SYN5646,3,23.8,4680489
PZE_103008604,3,25.1,4712436
SYN28478,3,26.4,4883149
PZA02678_1,3,28.8,5439342
PUT_163a_148951348_515,3,30.2,5788501
SYN14580,3,35.9,7407515
PZE_103015226,3,38.3,8214344
SYN13714,3,42.3,8978098
PZE_103016418,3,43.4,9318405
SYN10094,3,46.9,9585545
SYN24350,3,48.4,10453059
SYN38181,3,50.4,10686057
PZE_103019119,3,51.5,11220785
PZE_103020815,3,55.1,12883323
SYN37725,3,57.4,13312272
PZE_103022322,3,59.2,14409166
SYN33443,3,61.1,15214002
SYN33798,3,62.4,17398274
PZE_103027358,3,66.6,19966911
PZE_103030646,3,68.5,22816138
PZE_103031634,3,69.8,23825640
SYN32858,3,71.4,28617746
PUT_163a_110204885_63,3,72.6,31898366
PZE_103041113,3,73.6,37164458
PZE_103046325,3,74.8,48414272
PZE_103053111,3,75.9,59824903
PZE_103070590,3,77.5,114891075
PZE_103074774,3,78.6,123658210
PZE_103075826,3,79.6,125712719
PZE_103077634,3,81.1,128649913
PZE_103082609,3,82.2,136908028
PZE_103086783,3,83.3,143802382
SYN10940,3,85.8,145729758
SYN34785,3,87.2,149248522
PZE_103090925,3,88.7,149903481
PZE_103092754,3,89.9,153764734
PUT_163a_60398389_2973,3,91.1,157093410
PZE_103099066,3,93,159526813
SYN16048,3,94.4,160514647
PZE_103102032,3,97.8,162279178
SYN14727,3,98.9,166011175
PUT_163a_76293601_3974,3,100.3,166448477
PZE_103109369,3,103.1,170107274
PZE_103110860,3,104.4,171030132
PZE_103112971,3,105.8,172675582
SYN31233,3,107.3,173590289
PZE_103116145,3,108.8,175897784
PZE_103118006,3,110.8,176570244
SYN18160,3,111.8,177496882
PZE_103119687,3,112.8,178315200
SYN30212,3,115.4,179411625
SYN31222,3,117.7,181071019
SYN31225,3,118.7,181100344
PZE_103124901,3,119.9,182060793
PZE_103125579,3,121.9,183134322
PZE_103126215,3,123.8,183882022
SYN23233,3,127,184630418
PZE_103129454,3,128.7,186216518
PZE_103130978,3,130.1,187437395
PZE_103132150,3,131.2,188237045
PZE_103132614,3,132.3,188529549
PZE_103133568,3,134.1,189457886
SYN30268,3,136.1,190750009
SYN23092,3,137.1,191997048
SYN24182,3,138.6,195126093
SYN37387,3,141,195935474
PZE_103141953,3,142.2,197374542
SYN34418,3,143.8,199275636
PUT_163a_88754120_4563,3,145.1,200702050
SYN32692,3,147.9,201324806
PZE_103149272,3,150.5,202950603
PZE_103150041,3,151.8,204289478
SYN20313,3,152.9,204661480
PZE_103151399,3,154.6,205260873
PUT_163a_71761183_3448,3,155.6,205407666
PZE_103155594,3,158.3,208274438
PZE_103156977,3,161.2,209027687
SYN34635,3,162.7,209726331
SYN31429,3,165.3,210749991
PUT_163a_71440306_3328,3,167.1,212158156
PZE_103163035,3,168.7,213524975
SYN35424,3,169.8,214305947
SYN35556,3,171.3,214753282
SYN33391,3,172.4,215470889
PUT_163a_22545298_1589,3,173.4,216008196
SYN31522,3,177.2,217562977
SYN32258,3,179.5,218017771
SYN28000,3,180.5,218895353
SYN4045,3,181.6,219472711
PZE_103172732,3,183.3,219579336
SYN31046,3,185.9,219842428
SYN38998,3,187.1,221183724
SYN33527,3,188.3,221540242
SYN38130,3,189.4,222045814
PZE_103177780,3,190.6,223683758
SYN31243,3,193.4,224167945
SYN27420,3,195.1,225197774
SYN30477,3,196.4,225832226
SYN29679,3,198.8,226807380
PZE_103182291,3,200.1,227083822
SYN30342,3,203.2,228370356
SYN4860,3,204.8,229309354
PZE_103185889,3,206.9,230253707
SYN33196,4,0,837802
SYN24156,4,1.4,1254252
SYN33006,4,2.5,2383420
PUT_163a_78115415_4344,4,3.5,2526167
SYN22929,4,4.6,2674156
PUT_163a_94477564_4893,4,7.2,3109838
SYN1073,4,10.3,3452186
SYN1064,4,13.7,3477883
SYN24520,4,15.5,3746664
SYN11366,4,17.7,4244725
SYN24044,4,18.7,4622706
SYN29175,4,24.5,5007242
SYN29997,4,27.2,5266889
SYN30003,4,28.2,5315401
PZE_104009755,4,35.1,6625084
SYN19801,4,36.6,7313892
SYN11697,4,37.7,9756254
SYN14191,4,39.4,10031903
SYN31962,4,41.2,10228834
PZE_104012818,4,44.2,11075210
PZE_104013117,4,45.8,11332088
PZE_104013627,4,48.8,11880030
PZE_104014765,4,50.8,14033065
SYN12142,4,52.4,14507281
PZE_104016428,4,53.7,16213870
SYN30707,4,55.3,17414413
PZE_104017875,4,56.4,17720969
PZE_104018218,4,57.5,18022273
PZE_104018363,4,58.9,18209282
PZE_104019012,4,60,19182718
SYN24026,4,61.2,20738948
SYN23842,4,62.6,21911830
PZE_104021510,4,64.1,23072527
SYN31169,4,65.8,26373200
SYN23037,4,66.8,30652655
PZE_104028286,4,68.3,34054874
PZE_104029141,4,69.3,35218212
SYN25839,4,70.6,37014092
PZE_104031664,4,71.7,38292474
PZE_104033664,4,72.7,42141036
SYN10441,4,73.7,49444626
PZE_104042143,4,74.9,58034224
PZE_104049103,4,75.9,75508334
SYN21348,4,77.2,91395783
PZE_104066797,4,78.4,131891816
PZE_104074935,4,79.4,146976619
SYN27217,4,81.6,151746994
PZE_104079202,4,83.1,153519088
PUT_163a_71330910_3189,4,85.1,154429074
PZE_104081530,4,86.7,155912460
PZE_104083693,4,88.1,157610658
SYN4676,4,90.1,158146519
PZE_104086186,4,91.1,160284527
PZE_104087964,4,92.5,162905149
SYN1892,4,95.8,166922358
PZE_104091530,4,97.6,167073786
SYN2178,4,98.7,170806778
SYN606,4,100.4,171126586
PZE_104095248,4,101.6,171785744
PZA00271_1,4,103.9,172522625
SYN2090,4,105,173371731
SYN2452,4,106.4,173932512
SYN2327,4,109.6,177055653
PZE_104100589,4,110.7,177345782
SYN18331,4,112.1,178499907
PZE_104102755,4,114.9,178823191
SYN1846,4,117.1,180503991
PZE_104104798,4,118.2,181061502
SYN1197,4,119.2,181345970
PZE_104105816,4,120.4,181897420
PZE_104106033,4,121.4,182060293
PUT_163a_13388743_219,4,123.4,185522892
PZE_104109358,4,124.8,185717188
SYN32511,4,125.9,186658840
PZE_104112738,4,127.3,187988553
PZE_104113360,4,128.4,188500093
SYN14892,4,129.9,191112645
PHM4348_16,4,131.2,191767453
SYN1805,4,132.2,195011403
PZE_104122100,4,133.3,199076697
PZE_104123695,4,134.3,200841817
PZE_104126314,4,135.5,204295801
PZE_104128889,4,136.8,209259453
PZE_104132640,4,138.6,216002165
SYN29124,4,139.7,219484937
SYN19608,4,140.7,224236909
SYN22426,4,141.9,224910327
PZE_104139549,4,143.4,227209344
PZE_104140188,4,144.8,228554291
SYN29804,4,146,230192954
PZE_104142983,4,147.2,231508537
PZE_104143118,4,148.3,231622297
SYN23418,4,149.6,233800696
PZE_104145773,4,151.7,234356943
PZE_104146082,4,153.8,234427137
SYN19392,4,155.2,234713303
SYN28888,4,157.7,235724414
PZE_104150001,4,162.7,236558312
SYN14093,4,163.7,236895654
SYN39090,4,167.1,237321034
SYN14623,4,169,237599972
SYN37134,4,170.5,238054564
PUT_163a_31664272_1986,4,171.5,238224629
PZE_104153704,4,172.9,238278327
SYN1363,4,174.1,238471126
SYN38841,4,175.5,238745058
SYN37256,4,176.6,238953378
SYN26000,4,178.1,239083106
PZE_104155284,4,179.3,239206243
SYN39224,4,180.4,239370924
SYN29058,4,181.4,239423979
PZE_104157101,4,186,240116608
PZE_105000145,5,0,434525
SYN21619,5,2.1,1552217
SYN35027,5,3.1,1945734
PZE_105003814,5,4.5,2274686
SYN36933,5,6.7,2356218
SYN15176,5,8.1,2708166
SYN541,5,9.1,2805104
SYN31758,5,11.8,3396708
SYN523,5,13.4,4254132
PUT_163a_14244370_320,5,15.3,4312229
SYN5363,5,18.3,4767249
SYN30873,5,19.5,5199412
SYN12682,5,21.2,5379460
SYN1037,5,22.7,5890767
SYN3123,5,24.1,5928070
PZE_105015473,5,30.1,6617304
PZE_105016573,5,31.3,7255440
SYN2126,5,32.5,7267543
PZE_105018063,5,33.9,7976971
PZE_105018841,5,35.6,8496429
SYN33205,5,37.3,9662329
SYN38234,5,38.7,10091198
PZE_105021560,5,40.1,10220430
PZE_105023645,5,42.1,11880075
SYN27310,5,46.8,12233920
SYN35808,5,48.1,13137731
SYN1692,5,49.4,13410368
SYN19687,5,50.5,13806848
SYN16500,5,54.2,15137526
SYN15152,5,55.3,15654073
PZE_105031086,5,56.6,16693950
PZE_105031844,5,57.8,17342105
PZE_105033111,5,58.8,18371306
SYN21201,5,60.1,18705520
PZE_105037660,5,61.2,22629419
PZE_105040234,5,62.2,25619061
PZE_105042963,5,63.2,30289208
SYN11795,5,64.7,32877849
PZE_105049996,5,66.3,42303789
PZE_105050537,5,67.5,43052901
PZE_105053747,5,68.5,49803158
PZE_105057600,5,69.5,56213664
PZE_105061350,5,70.7,60133686
PZE_105065758,5,72,67504073
PZE_105067125,5,73.2,69325117
SYN34071,5,74.5,77997457
PZE_105074598,5,76.1,81861416
PZE_105078090,5,77.5,88188922
PZE_105090726,5,78.5,127605006
PZE_105098779,5,79.6,145814857
PZE_105100878,5,81.5,151473557
PUT_163a_4174532_2029,5,82.9,158869149
PUT_163a_18162524_1229,5,83.9,161466302
SYN27038,5,85.3,164124177
PZE_105110067,5,86.5,167251963
SYN30458,5,88.6,168665734
SYN34468,5,90.1,168890197
PUT_163a_4573181_2059,5,91.1,169843408
PZE_105114470,5,92.6,171202290
SYN36136,5,93.6,171964318
PZE_105115904,5,94.8,172917181
SYN34521,5,96.2,175593989
SYN31820,5,97.8,175684872
PZE_105121226,5,99,177977532
SYN12712,5,100.4,180877214
PZE_105126109,5,102,183485612
PZE_105128217,5,104.6,185570018
PZE_105129422,5,105.7,186680003
SYN16485,5,106.8,188389404
SYN16484,5,108.3,188467017
SYN35847,5,109.5,188827375
SYN14521,5,110.6,190481770
SYN31644,5,112.2,192134899
SYN27782,5,113.5,193454197
SYN29255,5,114.7,194163769
SYN1176,5,116.6,195443613
PZE_105141391,5,118.3,196035271
SYN34083,5,120.2,197945189
PZE_105146498,5,121.6,199646756
PZE_105149244,5,123.1,201068390
SYN2083,5,125.7,201630584
SYN29327,5,127.6,202814602
SYN22059,5,128.7,203210846
SYN24659,5,129.8,203804013
SYN1884,5,130.8,204518721
SYN1926,5,132.5,204605827
SYN36851,5,133.5,205306953
PZB02189_6,5,134.7,205551779
PZE_106000007,6,0,129643
PZA00606_3,6,2,2395840
PZE_106001672,6,3.6,2719992
PZE_106003203,6,5.1,4145891
SYN39272,6,8.3,5871679
PZE_106005094,6,9.8,6514321
SYN10561,6,11.3,6890117
PZE_106007410,6,12.5,21525870
PZE_106010115,6,14.2,28143880
PZE_106013654,6,15.2,34672237
SYN11613,6,16.4,78820609
PZE_106035079,6,17.5,82019955
PZE_106039882,6,19.1,88671354
PZE_106041604,6,21.9,90881574
SYN11803,6,23,92613037
PZE_106045024,6,24.4,94426320
PZE_106046102,6,27,95465220
PZE_106047470,6,28.4,96674787
PZE_106048958,6,29.6,97913220
SYN3641,6,31.1,99767943
PZE_106051936,6,32.1,102721196
PZE_106052904,6,33.1,103406208
SYN12088,6,34.2,104505418
PZE_106054425,6,36.2,105045847
SYN23500,6,37.5,105432346
PZE_106057989,6,38.5,106884295
PZE_106059535,6,40.4,108257101
SYN24768,6,41.8,109071574
PZE_106061055,6,44.4,111900688
SYN30628,6,45.8,112349791
PZE_106062474,6,47.3,113268603
PZE_106065285,6,48.6,117577675
SYN23913,6,49.6,117797720
SYN29425,6,50.6,118073693
PUT_163a_86468823_4491,6,52.1,120879772
SYN26935,6,53.5,123371820
PZE_106070387,6,54.6,124544334
PZE_106072074,6,55.7,127717691
SYN24366,6,56.7,129471538
PZE_106075520,6,58.1,130754308
PZE_106076828,6,59.6,132262040
PZA00250_1,6,60.8,132889427
PZE_106083170,6,62.3,140466248
SYN26383,6,63.4,142347038
SYN32129,6,65.4,145322799
SYN27107,6,67,147137823
PZE_106092386,6,69.6,148530168
PZE_106093812,6,71.6,149352345
SYN4801,6,72.9,150686054
SYN11808,6,75,150754604
SYN11809,6,77.4,150805009
PZE_106096872,6,78.5,150889413
SYN37999,6,79.7,151442112
SYN35959,6,81.2,151638512
SYN30391,6,83.3,153243614
SYN24056,6,84.3,153625399
SYN24461,6,85.6,154131736
PZE_106103012,6,86.7,154891236
SYN23855,6,87.8,155508945
PZE_106106877,6,90.8,156692942
SYN23624,6,91.9,156822664
SYN3998,6,93.9,157771445
SYN19164,6,95.2,158259287
SYN19161,6,96.9,158403902
SYN27121,6,100,159762641
SYN26168,6,102.2,160170459
SYN23743,6,103.4,161012335
PZE_106116673,6,105.3,161894583
PUT_163a_60338619_2360,6,111.6,162186556
SYN22989,6,112.7,162686226
SYN16022,6,114.5,162884424
SYN13307,6,115.8,163818894
SYN13308,6,116.9,163835586
SYN24882,6,119.8,164580621
SYN10686,6,121.7,164846481
PZA02141_1,6,123.3,164891527
SYN5884,6,124.5,165353049
PZE_106126296,6,125.9,165582394
PZE_106128315,6,128.9,166388598
SYN24811,6,130.6,167032546
SYN15208,6,131.8,168359915
SYN23973,7,0,3182249
PZE_107005418,7,1,3665397
SYN25440,7,2.9,4161727
PZE_107006511,7,4.1,4680339
SYN21564,7,5.9,4901733
SYN21560,7,8,4958776
SYN4744,7,9,5124983
SYN3807,7,11.3,5525020
PZE_107009278,7,13.1,6068815
SYN36033,7,14.5,6221165
PZE_107010433,7,16.7,7011078
SYN32202,7,18.2,8467208
SYN18116,7,20.9,9200061
SYN36577,7,24.2,9330613
PUT_163a_50327005_2185,7,26.5,10290906
SYN33126,7,27.5,13575225
PZE_107016614,7,28.5,13980271
SYN26435,7,30,15057464
PZE_107017614,7,31,15214479
PZE_107019072,7,32.7,17293606
SYN10101,7,33.8,21189532
SYN23593,7,35.6,24409023
PZE_107026046,7,36.7,29053955
PZE_107031924,7,37.9,41490888
PZE_107044548,7,39.1,89310878
PZE_107053268,7,40.2,104262821
PZE_107054656,7,41.2,106326475
SYN39188,7,42.9,109149980
SYN36345,7,44,116516624
SYN3200,7,45.2,118623967
SYN3716,7,46.4,121680819
PZE_107065974,7,48.4,122791194
PZE_107067062,7,50.2,123827128
PZE_107068407,7,51.4,125120093
PZE_107070761,7,52.5,127254364
SYN17089,7,53.9,128433598
PZE_107073339,7,55.4,129864662
SYN28758,7,56.4,129967283
PZE_107074755,7,58.1,130525518
SYN17332,7,59.4,130940717
PZE_107076020,7,60.5,131191105
PZE_107076684,7,61.8,132082836
SYN35079,7,63.2,132632787
SYN32295,7,64.7,133371720
SYN22406,7,66.9,134080000
PZE_107084474,7,69.6,140104651
SYN22167,7,71.1,141835948
PZE_107087898,7,72.2,143003984
SYN24395,7,73.5,143410578
SYN32262,7,74.9,146489081
PZE_107097026,7,76.4,152443839
PZE_107098163,7,77.4,153294455
PZE_107099144,7,79,154182492
PZE_107100523,7,80.1,155037971
PZE_107102206,7,81.3,156205049
PZE_107103880,7,82.3,156887593
PZE_107105855,7,83.5,157896473
PZE_107106251,7,84.8,158218500
PZE_107106472,7,86.3,158299978
PZE_107108370,7,87.6,159731943
SYN3350,7,88.6,159782509
SYN10522,7,89.9,160817033
SYN15451,7,91.7,161805336
PZE_107113339,7,95.7,162084811
SYN25311,7,99.3,162985181
PZE_107116723,7,100.8,164071283
PZE_107117917,7,102.1,164831147
PZE_107118743,7,104,165298571
SYN13029,7,105.1,165503006
PZE_107119968,7,106.3,165746831
SYN12703,7,109.8,166159242
SYN20121,7,111.1,166960841
PZE_107123572,7,115.8,167716078
SYN12253,7,117.5,167987505
PZE_107126296,7,120.2,168922493
SYN30795,7,121.3,169444642
SYN10749,7,123,170436606
SYN34109,7,135.8,172926096
PZE_108000683,8,0,775241
SYN25099,8,2.2,1449332
PUT_163a_13557719_256,8,3.6,1831996
SYN10808,8,5.1,2521550
PZE_108002846,8,9.5,3045582
SYN17938,8,11.4,3348472
PZA_002174002,8,12.4,4176433
PZE_108004350,8,16.9,4360224
PZE_108004388,8,17.9,4431816
SYN12530,8,20.1,4846311
SYN34214,8,21.3,5135666
PZE_108005605,8,23.8,5597852
SYN3883,8,25,6023323
SYN10427,8,26,6584683
PZE_108007013,8,27.2,7039437
SYN20700,8,29.9,7748559
PZE_108008403,8,31.8,8417040
PZE_108008825,8,33.5,8731594
PZE_108009251,8,34.5,9875920
SYN36558,8,35.8,10813495
PZE_108010981,8,37.6,11535123
PZE_108011830,8,39.6,12200231
SYN3396,8,40.7,12561228
PZE_108013234,8,42.2,13289482
PZE_108013757,8,44,13620474
SYN35072,8,45,15109522
PZE_108016244,8,46.8,15985156
PZE_108017417,8,49.7,17052796
PZE_108019790,8,51.5,17945679
PZE_108018485,8,52.6,18966375
PZE_108021327,8,54.2,20514430
PZE_108021864,8,56.1,20696498
SYN17577,8,57.5,21148154
PZE_108023615,8,59.3,22685137
PZE_108024348,8,60.3,22979125
SYN19605,8,61.6,24413610
PZE_108032283,8,62.6,37647883
PZE_108042761,8,63.9,70998690
SYN12525,8,65,71976947
SYN2884,8,66,72932482
PZE_108045907,8,67.5,75648228
SYN30907,8,68.9,90738162
PZE_108053704,8,70.1,95726222
PZE_108054215,8,71.1,96326653
SYN17876,8,73.3,101209781
SYN30221,8,75.3,101755210
PZE_108058161,8,76.4,103704816
PZE_108059057,8,77.5,105319779
PZE_108061313,8,78.5,109934768
PUT_163a_78092237_4250,8,80.6,110988886
PZE_108063794,8,81.6,113865661
PZE_108065744,8,82.6,117438219
SYN27931,8,84.2,118187901
PZE_108067569,8,85.3,119255524
PUT_163a_74234257_3606,8,86.9,122951798
PZE_108071079,8,88.8,124357232
SYN15433,8,90,125300866
SYN11836,8,91.4,131337588
PUT_163a_71423233_3216,8,92.6,133942295
PZE_108080736,8,93.7,137138467
SYN38887,8,94.8,141523290
PZE_108107072,8,104.9,161187761
SYN15878,8,107.7,161560312
PZE_108109498,8,111.8,162580677
SYN14062,8,113.3,163309859
PZE_108111762,8,114.5,164040056
SYN23212,8,115.7,164430850
SYN30178,8,117.3,164933138
SYN32177,8,120.2,165268442
PZE_108116213,8,122.6,165994718
PZE_108117199,8,123.9,166618200
SYN31086,8,125.1,166672371
PZE_108118398,8,128.7,167086643
PZE_108119072,8,129.7,167381092
SYN29149,8,131.1,167603209
SYN20446,8,132.3,168285127
SYN36468,8,133.4,169013325
PUT_163a_76010623_3722,8,134.4,169088218
SYN21960,8,137.9,169687867
PZE_108124414,8,139.5,170135604
SYN23844,8,141,170280554
SYN36002,8,142.7,170665553
SYN36001,8,143.8,170774903
PZE_108126650,8,144.9,170864740
PZA00189_23,8,146.8,171302381
SYN4414,8,149,171704659
PUT_163a_71311544_3116,8,151.1,172351442
SYN15043,8,152.4,172808388
SYN4930,8,153.4,173006473
PZA02281_3,8,155.1,173408251
PZE_108133242,8,156.7,173640020
SYN10423,8,159.4,173800009
PZE_108133741,8,161.1,173849220
SYN36374,8,162.6,173856828
SYN29575,8,165.9,174156893
SYN20808,8,167.5,174399724
PZE_109000143,9,0,565565
SYN21732,9,2,1339314
PZE_109001536,9,3.2,2119866
SYN36188,9,4.7,3080081
PZE_109003046,9,6,3653842
PZE_109003305,9,7.4,3838477
SYN30861,9,10,4652228
SYN35081,9,14.8,6053202
PZE_109006201,9,17.1,7106520
PZE_109006992,9,19.1,7770057
SYN39069,9,20.9,7958802
SYN13447,9,22.7,8414792
SYN19752,9,24.6,8779931
SYN20011,9,26.4,8972061
SYN11737,9,28,9965004
PZE_109009392,9,29.8,10277078
PZE_109009763,9,31.7,10806295
PZE_109010476,9,33.3,11398040
PZE_109011385,9,34.8,11778827
SYN2758,9,36.8,12875838
PZE_109013000,9,38.6,13450879
SYN35320,9,39.8,13494929
SYN12315,9,41.6,14313887
SYN11769,9,43,14535102
PZE_109015133,9,44.3,15306926
PZE_109015314,9,46,15372004
PZE_109016177,9,48.3,16318085
SYN16077,9,50.7,16680615
PZE_109016955,9,51.7,17008993
PZE_109018303,9,54.6,18684300
SYN18694,9,55.7,19805238
SYN29881,9,58.9,20824753
SYN15749,9,60.1,20976775
PZE_109022427,9,61.3,22785921
SYN34183,9,62.4,23738568
SYN28207,9,64.2,25257190
PZE_109026940,9,65.5,26944063
PZE_109029553,9,66.6,32330703
SYN38486,9,67.9,87565118
PZE_109055553,9,70.1,96191843
PZE_109057545,9,71.1,98682077
PZE_109060496,9,72.2,102140625
SYN37617,9,73.4,105428453
PZE_109066337,9,74.9,109312937
SYN21230,9,76,110250132
PZE_109068561,9,77,112808213
SYN18130,9,78.2,114087874
PZE_109073134,9,79.7,118258419
SYN22541,9,80.8,120250504
PZE_109077509,9,82,124958444
PZE_109078597,9,83.5,126720377
SYN24353,9,84.5,128175290
SYN3443,9,85.5,130494643
PZA01866_1,9,88,133886984
PZE_109086097,9,89,134616825
PZE_109087484,9,90.2,136080807
PZE_109088452,9,91.2,136785821
PZE_109089873,9,92.6,137784138
PZE_109091377,9,94.5,138708662
PZE_109093491,9,98,139961409
SYN32361,9,99.1,140774556
SYN11597,9,100.7,141469803
SYN26727,9,102.1,141842203
PZE_109097202,9,103.4,142754750
SYN30940,9,104.7,142946238
PZE_109098496,9,106.9,143351511
SYN27711,9,108,143897835
SYN22241,9,109.9,144800224
SYN25124,9,111.9,145371925
SYN30124,9,114.5,146466674
PZE_109102962,9,115.6,146529319
PZA02197_1,9,117,146872957
SYN10263,9,119.2,147818623
PZE_109107497,9,120.7,149119731
PZE_109109275,9,125.8,149908107
PZE_109109692,9,127.8,150354622
PZE_109109991,9,128.8,150811329
PZE_109110253,9,129.9,150889722
SYN5447,9,130.9,151150049
PZE_109111133,9,133.5,151250613
SYN35714,9,135.3,151478080
PUT_163a_4621424_2088,9,136.4,151669900
SYN10591,9,138.8,151993357
PUT_163a_50330000_2208,9,141.8,152642049
PZE_109115897,9,143.1,152795210
PZE_109116477,9,145.2,153190338
SYN24345,9,146.7,153420420
SYN24330,9,148.6,153489840
SYN24328,9,150,153562715
SYN15948,9,152.3,153694093
SYN13953,9,154.7,154088892
PZE_109119946,9,155.7,154333044
PUT_163a_16922936_1081,9,157.8,154642451
SYN17514,10,0,1141478
SYN16185,10,1.8,2037932
SYN16805,10,3.8,2255896
SYN12396,10,5.7,2655393
SYN12401,10,8.3,2792381
SYN17105,10,10.7,3989785
SYN14833,10,12.3,4527185
SYN4471,10,14.6,4675952
SYN17783,10,18.2,4879626
SYN16720,10,21.7,5873622
PZE_110009032,10,27.9,7103692
PZE_110009334,10,29.8,7154635
SYN23776,10,32,9910953
PZE_110012285,10,33.5,10668992
PZE_110013051,10,34.7,11722338
PZE_110014718,10,36.1,14084909
PZE_110016084,10,37.1,16360377
PZE_110019712,10,39.2,24650998
PZE_110020197,10,40.3,25568490
PZE_110033293,10,41.7,62663295
PZE_110039284,10,42.8,75674184
PZE_110042215,10,44.3,80582834
PZE_110044190,10,46.2,84097056
PZE_110048720,10,47.4,91358531
SYN15824,10,49,99758945
SYN1116,10,50.6,113162132
PZE_110062653,10,51.8,117730066
SYN30375,10,53,121535506
PZE_110069835,10,54.2,126877360
SYN18871,10,55.4,127349235
PZE_110073500,10,56.4,130204025
PZE_110074757,10,58.2,131043066
PZE_110076741,10,60.1,132511194
PZE_110078631,10,61.2,133417693
SYN4826,10,63.7,134654046
PZE_110082048,10,66.3,135327236
SYN18730,10,67.6,135911735
PZE_110084754,10,68.9,136713611
SYN28385,10,70.7,137167099
PZE_110086343,10,71.8,137505079
SYN21905,10,73.4,138212884
PZE_110089201,10,77.2,139083904
SYN13120,10,78.9,140970416
PZE_110093416,10,80.8,141351440
SYN36714,10,82.5,141572157
SYN16965,10,83.7,141833012
SYN1018,10,86,142725799
PUT_163a_29544531_1779,10,87.3,142821482
PZE_110097359,10,90.5,143176602
SYN6070,10,92.1,143502949
SYN4350,10,93.4,144138856
PZE_110099681,10,94.7,144678832
PZE_110100685,10,96.6,144983449
PZE_110101412,10,98.4,145192899
SYN11610,10,100.4,145620822
SYN15271,10,101.4,146075877
SYN12666,10,105.3,146185820
SYN19616,10,106.8,146569358
SYN35585,10,108.5,146968834
PZE_110105598,10,110.3,147134131
SYN22560,10,111.5,147207357
SYN19209,10,113.6,147602241
SYN19290,10,115.9,147855357
PZE_110109364,10,118.9,148503394
SYN13564,10,121.6,148874707
